{"entity_sounds":{"entities":{"drowned":{"variants":{"key":"(q.is_item_name_any('slot.weapon.mainhand', 'minecraft:wooden_sword')    ? 'wooden_sword' :q.is_item_name_any('slot.weapon.mainhand', 'minecraft:stone_sword')     ? 'stone_sword' :q.is_item_name_any('slot.weapon.mainhand', 'minecraft:iron_sword')      ? 'iron_sword' :q.is_item_name_any('slot.weapon.mainhand', 'minecraft:golden_sword')    ? 'golden_sword' :q.is_item_name_any('slot.weapon.mainhand', 'minecraft:diamond_sword')   ? 'diamond_sword' :q.is_item_name_any('slot.weapon.mainhand', 'minecraft:netherite_sword') ? 'netherite_sword' :q.is_item_name_any('slot.weapon.mainhand', 'minecraft:copper_sword')    ? 'copper_sword' :q.is_item_name_any('slot.weapon.mainhand', 'minecraft:trident')         ? 'trident' :q.is_item_name_any('slot.weapon.mainhand', 'minecraft:mace')            ? 'mace' :q.is_item_name_any('slot.weapon.mainhand', 'minecraft:wooden_spear')    ? 'wooden_spear' :q.is_item_name_any('slot.weapon.mainhand', 'minecraft:stone_spear')     ? 'stone_spear' :q.is_item_name_any('slot.weapon.mainhand', 'minecraft:copper_spear')    ? 'copper_spear' :q.is_item_name_any('slot.weapon.mainhand', 'minecraft:iron_spear')      ? 'iron_spear' :q.is_item_name_any('slot.weapon.mainhand', 'minecraft:golden_spear')    ? 'golden_spear' :q.is_item_name_any('slot.weapon.mainhand', 'minecraft:diamond_spear')   ? 'diamond_spear' :q.is_item_name_any('slot.weapon.mainhand', 'minecraft:netherite_spear') ? 'netherite_spear' :'no_weapon')","map":{"wooden_sword":{"events":{"attack":{"sound":"oreville_ans:fqdacrx_xrvyuys.kwkutbh_3vowotwv","volume":1,"pitch":[0.9,1.1]}}},"stone_sword":{"events":{"attack":{"sound":"oreville_ans:mfsafnp_xrvyuys.kwkutbh_3vowotwv","volume":1,"pitch":[0.9,1.1]}}},"iron_sword":{"events":{"attack":{"sound":"oreville_ans:ujyzyao_xrvyuys.kwkutbh_3vowotwv","volume":1,"pitch":[0.9,1.1]}}},"golden_sword":{"events":{"attack":{"sound":"oreville_ans:yiuklzd_xrvyuys.kwkutbh_3vowotwv","volume":1,"pitch":[0.9,1.1]}}},"diamond_sword":{"events":{"attack":{"sound":"oreville_ans:jnrjaoc_xrvyuys.kwkutbh_3vowotwv","volume":1,"pitch":[0.9,1.1]}}},"netherite_sword":{"events":{"attack":{"sound":"oreville_ans:fcwrmpe_xrvyuys.kwkutbh_3vowotwv","volume":1,"pitch":[0.9,1.1]}}},"copper_sword":{"events":{"attack":{"sound":"oreville_ans:bihjlpn_xrvyuys.kwkutbh_3vowotwv","volume":1,"pitch":[0.9,1.1]}}},"trident":{"events":{"attack":{"sound":"oreville_ans:dhsqylt.kwkutbh_3vowotwv","volume":1,"pitch":[0.9,1.1]}}},"mace":{"events":{"attack":{"sound":"oreville_ans:hrbqumz.kwkutbh_3vowotwv","volume":1,"pitch":[0.9,1.1]}}},"wooden_spear":{"events":{"attack":{"sound":"oreville_ans:fqdacrx_xrvyuyz.jyujoag.groipyn","volume":1}}},"stone_spear":{"events":{"attack":{"sound":"oreville_ans:mfsafnp_xrvyuyz.jyujoag.groipyn","volume":1}}},"copper_spear":{"events":{"attack":{"sound":"oreville_ans:bihjlpn_xrvyuyz.jyujoag.groipyn","volume":1}}},"iron_spear":{"events":{"attack":{"sound":"oreville_ans:ujyzyao_xrvyuyz.jyujoag.groipyn","volume":1}}},"golden_spear":{"events":{"attack":{"sound":"oreville_ans:yiuklzd_xrvyuyz.jyujoag.groipyn","volume":1}}},"diamond_spear":{"events":{"attack":{"sound":"oreville_ans:jnrjaoc_xrvyuyz.jyujoag.groipyn","volume":1}}},"netherite_spear":{"events":{"attack":{"sound":"oreville_ans:fcwrmpe_xrvyuyz.jyujoag.groipyn","volume":1}}}}},"events":{"step":""}},"husk":{"variants":{"key":"(q.is_item_name_any('slot.weapon.mainhand', 'minecraft:wooden_sword')    ? 'wooden_sword' :q.is_item_name_any('slot.weapon.mainhand', 'minecraft:stone_sword')     ? 'stone_sword' :q.is_item_name_any('slot.weapon.mainhand', 'minecraft:iron_sword')      ? 'iron_sword' :q.is_item_name_any('slot.weapon.mainhand', 'minecraft:golden_sword')    ? 'golden_sword' :q.is_item_name_any('slot.weapon.mainhand', 'minecraft:diamond_sword')   ? 'diamond_sword' :q.is_item_name_any('slot.weapon.mainhand', 'minecraft:netherite_sword') ? 'netherite_sword' :q.is_item_name_any('slot.weapon.mainhand', 'minecraft:copper_sword')    ? 'copper_sword' :q.is_item_name_any('slot.weapon.mainhand', 'minecraft:trident')         ? 'trident' :q.is_item_name_any('slot.weapon.mainhand', 'minecraft:mace')            ? 'mace' :q.is_item_name_any('slot.weapon.mainhand', 'minecraft:wooden_spear')    ? 'wooden_spear' :q.is_item_name_any('slot.weapon.mainhand', 'minecraft:stone_spear')     ? 'stone_spear' :q.is_item_name_any('slot.weapon.mainhand', 'minecraft:copper_spear')    ? 'copper_spear' :q.is_item_name_any('slot.weapon.mainhand', 'minecraft:iron_spear')      ? 'iron_spear' :q.is_item_name_any('slot.weapon.mainhand', 'minecraft:golden_spear')    ? 'golden_spear' :q.is_item_name_any('slot.weapon.mainhand', 'minecraft:diamond_spear')   ? 'diamond_spear' :q.is_item_name_any('slot.weapon.mainhand', 'minecraft:netherite_spear') ? 'netherite_spear' :'no_weapon')","map":{"wooden_sword":{"events":{"attack":{"sound":"oreville_ans:fqdacrx_xrvyuys.kwkutbh_3vowotwv","volume":1,"pitch":[0.9,1.1]}}},"stone_sword":{"events":{"attack":{"sound":"oreville_ans:mfsafnp_xrvyuys.kwkutbh_3vowotwv","volume":1,"pitch":[0.9,1.1]}}},"iron_sword":{"events":{"attack":{"sound":"oreville_ans:ujyzyao_xrvyuys.kwkutbh_3vowotwv","volume":1,"pitch":[0.9,1.1]}}},"golden_sword":{"events":{"attack":{"sound":"oreville_ans:yiuklzd_xrvyuys.kwkutbh_3vowotwv","volume":1,"pitch":[0.9,1.1]}}},"diamond_sword":{"events":{"attack":{"sound":"oreville_ans:jnrjaoc_xrvyuys.kwkutbh_3vowotwv","volume":1,"pitch":[0.9,1.1]}}},"netherite_sword":{"events":{"attack":{"sound":"oreville_ans:fcwrmpe_xrvyuys.kwkutbh_3vowotwv","volume":1,"pitch":[0.9,1.1]}}},"copper_sword":{"events":{"attack":{"sound":"oreville_ans:bihjlpn_xrvyuys.kwkutbh_3vowotwv","volume":1,"pitch":[0.9,1.1]}}},"trident":{"events":{"attack":{"sound":"oreville_ans:dhsqylt.kwkutbh_3vowotwv","volume":1,"pitch":[0.9,1.1]}}},"mace":{"events":{"attack":{"sound":"oreville_ans:hrbqumz.kwkutbh_3vowotwv","volume":1,"pitch":[0.9,1.1]}}},"wooden_spear":{"events":{"attack":{"sound":"oreville_ans:fqdacrx_xrvyuyz.jyujoag.groipyn","volume":1}}},"stone_spear":{"events":{"attack":{"sound":"oreville_ans:mfsafnp_xrvyuyz.jyujoag.groipyn","volume":1}}},"copper_spear":{"events":{"attack":{"sound":"oreville_ans:bihjlpn_xrvyuyz.jyujoag.groipyn","volume":1}}},"iron_spear":{"events":{"attack":{"sound":"oreville_ans:ujyzyao_xrvyuyz.jyujoag.groipyn","volume":1}}},"golden_spear":{"events":{"attack":{"sound":"oreville_ans:yiuklzd_xrvyuyz.jyujoag.groipyn","volume":1}}},"diamond_spear":{"events":{"attack":{"sound":"oreville_ans:jnrjaoc_xrvyuyz.jyujoag.groipyn","volume":1}}},"netherite_spear":{"events":{"attack":{"sound":"oreville_ans:fcwrmpe_xrvyuyz.jyujoag.groipyn","volume":1}}}}},"events":{"step":""}},"evocation_illager":{"events":{"step":""}},"pillager":{"events":{"step":""}},"vindicator":{"events":{"step":""},"variants":{"key":"q.is_name_any('clown', 'Clown', 'giggles', 'Giggles') ? 'clown': 'default'","map":{"default":{},"clown":{"events":{"ambient":"oreville_ans:lhkgelm.mjskdlr.ggxyiem","hurt":"oreville_ans:lhkgelm.mjskdlr.jlrfsid","death":"oreville_ans:lhkgelm.mjskdlr.pndnazs"},"pitch":[0.9,1.1],"volume":1}}}},"piglin":{"variants":{"key":"(q.is_item_name_any('slot.weapon.mainhand', 'minecraft:wooden_sword')    ? 'wooden_sword' :q.is_item_name_any('slot.weapon.mainhand', 'minecraft:stone_sword')     ? 'stone_sword' :q.is_item_name_any('slot.weapon.mainhand', 'minecraft:iron_sword')      ? 'iron_sword' :q.is_item_name_any('slot.weapon.mainhand', 'minecraft:golden_sword')    ? 'golden_sword' :q.is_item_name_any('slot.weapon.mainhand', 'minecraft:diamond_sword')   ? 'diamond_sword' :q.is_item_name_any('slot.weapon.mainhand', 'minecraft:netherite_sword') ? 'netherite_sword' :q.is_item_name_any('slot.weapon.mainhand', 'minecraft:copper_sword')    ? 'copper_sword' :q.is_item_name_any('slot.weapon.mainhand', 'minecraft:trident')         ? 'trident' :q.is_item_name_any('slot.weapon.mainhand', 'minecraft:mace')            ? 'mace' :q.is_item_name_any('slot.weapon.mainhand', 'minecraft:wooden_spear')    ? 'wooden_spear' :q.is_item_name_any('slot.weapon.mainhand', 'minecraft:stone_spear')     ? 'stone_spear' :q.is_item_name_any('slot.weapon.mainhand', 'minecraft:copper_spear')    ? 'copper_spear' :q.is_item_name_any('slot.weapon.mainhand', 'minecraft:iron_spear')      ? 'iron_spear' :q.is_item_name_any('slot.weapon.mainhand', 'minecraft:golden_spear')    ? 'golden_spear' :q.is_item_name_any('slot.weapon.mainhand', 'minecraft:diamond_spear')   ? 'diamond_spear' :q.is_item_name_any('slot.weapon.mainhand', 'minecraft:netherite_spear') ? 'netherite_spear' :'no_weapon')","map":{"wooden_sword":{"events":{"attack":{"sound":"oreville_ans:fqdacrx_xrvyuys.kwkutbh_3vowotwv","volume":1,"pitch":[0.9,1.1]}}},"stone_sword":{"events":{"attack":{"sound":"oreville_ans:mfsafnp_xrvyuys.kwkutbh_3vowotwv","volume":1,"pitch":[0.9,1.1]}}},"iron_sword":{"events":{"attack":{"sound":"oreville_ans:ujyzyao_xrvyuys.kwkutbh_3vowotwv","volume":1,"pitch":[0.9,1.1]}}},"golden_sword":{"events":{"attack":{"sound":"oreville_ans:yiuklzd_xrvyuys.kwkutbh_3vowotwv","volume":1,"pitch":[0.9,1.1]}}},"diamond_sword":{"events":{"attack":{"sound":"oreville_ans:jnrjaoc_xrvyuys.kwkutbh_3vowotwv","volume":1,"pitch":[0.9,1.1]}}},"netherite_sword":{"events":{"attack":{"sound":"oreville_ans:fcwrmpe_xrvyuys.kwkutbh_3vowotwv","volume":1,"pitch":[0.9,1.1]}}},"copper_sword":{"events":{"attack":{"sound":"oreville_ans:bihjlpn_xrvyuys.kwkutbh_3vowotwv","volume":1,"pitch":[0.9,1.1]}}},"trident":{"events":{"attack":{"sound":"oreville_ans:dhsqylt.kwkutbh_3vowotwv","volume":1,"pitch":[0.9,1.1]}}},"mace":{"events":{"attack":{"sound":"oreville_ans:hrbqumz.kwkutbh_3vowotwv","volume":1,"pitch":[0.9,1.1]}}},"wooden_spear":{"events":{"attack":{"sound":"oreville_ans:fqdacrx_xrvyuyz.jyujoag.groipyn","volume":1}}},"stone_spear":{"events":{"attack":{"sound":"oreville_ans:mfsafnp_xrvyuyz.jyujoag.groipyn","volume":1}}},"copper_spear":{"events":{"attack":{"sound":"oreville_ans:bihjlpn_xrvyuyz.jyujoag.groipyn","volume":1}}},"iron_spear":{"events":{"attack":{"sound":"oreville_ans:ujyzyao_xrvyuyz.jyujoag.groipyn","volume":1}}},"golden_spear":{"events":{"attack":{"sound":"oreville_ans:yiuklzd_xrvyuyz.jyujoag.groipyn","volume":1}}},"diamond_spear":{"events":{"attack":{"sound":"oreville_ans:jnrjaoc_xrvyuyz.jyujoag.groipyn","volume":1}}},"netherite_spear":{"events":{"attack":{"sound":"oreville_ans:fcwrmpe_xrvyuyz.jyujoag.groipyn","volume":1}}}}},"events":{"step":""}},"skeleton":{"variants":{"key":"(q.is_item_name_any('slot.weapon.mainhand', 'minecraft:wooden_sword')    ? 'wooden_sword' :q.is_item_name_any('slot.weapon.mainhand', 'minecraft:stone_sword')     ? 'stone_sword' :q.is_item_name_any('slot.weapon.mainhand', 'minecraft:iron_sword')      ? 'iron_sword' :q.is_item_name_any('slot.weapon.mainhand', 'minecraft:golden_sword')    ? 'golden_sword' :q.is_item_name_any('slot.weapon.mainhand', 'minecraft:diamond_sword')   ? 'diamond_sword' :q.is_item_name_any('slot.weapon.mainhand', 'minecraft:netherite_sword') ? 'netherite_sword' :q.is_item_name_any('slot.weapon.mainhand', 'minecraft:copper_sword')    ? 'copper_sword' :q.is_item_name_any('slot.weapon.mainhand', 'minecraft:trident')         ? 'trident' :q.is_item_name_any('slot.weapon.mainhand', 'minecraft:mace')            ? 'mace' :q.is_item_name_any('slot.weapon.mainhand', 'minecraft:wooden_spear')    ? 'wooden_spear' :q.is_item_name_any('slot.weapon.mainhand', 'minecraft:stone_spear')     ? 'stone_spear' :q.is_item_name_any('slot.weapon.mainhand', 'minecraft:copper_spear')    ? 'copper_spear' :q.is_item_name_any('slot.weapon.mainhand', 'minecraft:iron_spear')      ? 'iron_spear' :q.is_item_name_any('slot.weapon.mainhand', 'minecraft:golden_spear')    ? 'golden_spear' :q.is_item_name_any('slot.weapon.mainhand', 'minecraft:diamond_spear')   ? 'diamond_spear' :q.is_item_name_any('slot.weapon.mainhand', 'minecraft:netherite_spear') ? 'netherite_spear' :'no_weapon')","map":{"wooden_sword":{"events":{"attack":{"sound":"oreville_ans:fqdacrx_xrvyuys.kwkutbh_3vowotwv","volume":1,"pitch":[0.9,1.1]}}},"stone_sword":{"events":{"attack":{"sound":"oreville_ans:mfsafnp_xrvyuys.kwkutbh_3vowotwv","volume":1,"pitch":[0.9,1.1]}}},"iron_sword":{"events":{"attack":{"sound":"oreville_ans:ujyzyao_xrvyuys.kwkutbh_3vowotwv","volume":1,"pitch":[0.9,1.1]}}},"golden_sword":{"events":{"attack":{"sound":"oreville_ans:yiuklzd_xrvyuys.kwkutbh_3vowotwv","volume":1,"pitch":[0.9,1.1]}}},"diamond_sword":{"events":{"attack":{"sound":"oreville_ans:jnrjaoc_xrvyuys.kwkutbh_3vowotwv","volume":1,"pitch":[0.9,1.1]}}},"netherite_sword":{"events":{"attack":{"sound":"oreville_ans:fcwrmpe_xrvyuys.kwkutbh_3vowotwv","volume":1,"pitch":[0.9,1.1]}}},"copper_sword":{"events":{"attack":{"sound":"oreville_ans:bihjlpn_xrvyuys.kwkutbh_3vowotwv","volume":1,"pitch":[0.9,1.1]}}},"trident":{"events":{"attack":{"sound":"oreville_ans:dhsqylt.kwkutbh_3vowotwv","volume":1,"pitch":[0.9,1.1]}}},"mace":{"events":{"attack":{"sound":"oreville_ans:hrbqumz.kwkutbh_3vowotwv","volume":1,"pitch":[0.9,1.1]}}},"wooden_spear":{"events":{"attack":{"sound":"oreville_ans:fqdacrx_xrvyuyz.jyujoag.groipyn","volume":1}}},"stone_spear":{"events":{"attack":{"sound":"oreville_ans:mfsafnp_xrvyuyz.jyujoag.groipyn","volume":1}}},"copper_spear":{"events":{"attack":{"sound":"oreville_ans:bihjlpn_xrvyuyz.jyujoag.groipyn","volume":1}}},"iron_spear":{"events":{"attack":{"sound":"oreville_ans:ujyzyao_xrvyuyz.jyujoag.groipyn","volume":1}}},"golden_spear":{"events":{"attack":{"sound":"oreville_ans:yiuklzd_xrvyuyz.jyujoag.groipyn","volume":1}}},"diamond_spear":{"events":{"attack":{"sound":"oreville_ans:jnrjaoc_xrvyuyz.jyujoag.groipyn","volume":1}}},"netherite_spear":{"events":{"attack":{"sound":"oreville_ans:fcwrmpe_xrvyuyz.jyujoag.groipyn","volume":1}}}}},"events":{"step":""}},"stray":{"variants":{"key":"(q.is_item_name_any('slot.weapon.mainhand', 'minecraft:wooden_sword')    ? 'wooden_sword' :q.is_item_name_any('slot.weapon.mainhand', 'minecraft:stone_sword')     ? 'stone_sword' :q.is_item_name_any('slot.weapon.mainhand', 'minecraft:iron_sword')      ? 'iron_sword' :q.is_item_name_any('slot.weapon.mainhand', 'minecraft:golden_sword')    ? 'golden_sword' :q.is_item_name_any('slot.weapon.mainhand', 'minecraft:diamond_sword')   ? 'diamond_sword' :q.is_item_name_any('slot.weapon.mainhand', 'minecraft:netherite_sword') ? 'netherite_sword' :q.is_item_name_any('slot.weapon.mainhand', 'minecraft:copper_sword')    ? 'copper_sword' :q.is_item_name_any('slot.weapon.mainhand', 'minecraft:trident')         ? 'trident' :q.is_item_name_any('slot.weapon.mainhand', 'minecraft:mace')            ? 'mace' :q.is_item_name_any('slot.weapon.mainhand', 'minecraft:wooden_spear')    ? 'wooden_spear' :q.is_item_name_any('slot.weapon.mainhand', 'minecraft:stone_spear')     ? 'stone_spear' :q.is_item_name_any('slot.weapon.mainhand', 'minecraft:copper_spear')    ? 'copper_spear' :q.is_item_name_any('slot.weapon.mainhand', 'minecraft:iron_spear')      ? 'iron_spear' :q.is_item_name_any('slot.weapon.mainhand', 'minecraft:golden_spear')    ? 'golden_spear' :q.is_item_name_any('slot.weapon.mainhand', 'minecraft:diamond_spear')   ? 'diamond_spear' :q.is_item_name_any('slot.weapon.mainhand', 'minecraft:netherite_spear') ? 'netherite_spear' :'no_weapon')","map":{"wooden_sword":{"events":{"attack":{"sound":"oreville_ans:fqdacrx_xrvyuys.kwkutbh_3vowotwv","volume":1,"pitch":[0.9,1.1]}}},"stone_sword":{"events":{"attack":{"sound":"oreville_ans:mfsafnp_xrvyuys.kwkutbh_3vowotwv","volume":1,"pitch":[0.9,1.1]}}},"iron_sword":{"events":{"attack":{"sound":"oreville_ans:ujyzyao_xrvyuys.kwkutbh_3vowotwv","volume":1,"pitch":[0.9,1.1]}}},"golden_sword":{"events":{"attack":{"sound":"oreville_ans:yiuklzd_xrvyuys.kwkutbh_3vowotwv","volume":1,"pitch":[0.9,1.1]}}},"diamond_sword":{"events":{"attack":{"sound":"oreville_ans:jnrjaoc_xrvyuys.kwkutbh_3vowotwv","volume":1,"pitch":[0.9,1.1]}}},"netherite_sword":{"events":{"attack":{"sound":"oreville_ans:fcwrmpe_xrvyuys.kwkutbh_3vowotwv","volume":1,"pitch":[0.9,1.1]}}},"copper_sword":{"events":{"attack":{"sound":"oreville_ans:bihjlpn_xrvyuys.kwkutbh_3vowotwv","volume":1,"pitch":[0.9,1.1]}}},"trident":{"events":{"attack":{"sound":"oreville_ans:dhsqylt.kwkutbh_3vowotwv","volume":1,"pitch":[0.9,1.1]}}},"mace":{"events":{"attack":{"sound":"oreville_ans:hrbqumz.kwkutbh_3vowotwv","volume":1,"pitch":[0.9,1.1]}}},"wooden_spear":{"events":{"attack":{"sound":"oreville_ans:fqdacrx_xrvyuyz.jyujoag.groipyn","volume":1}}},"stone_spear":{"events":{"attack":{"sound":"oreville_ans:mfsafnp_xrvyuyz.jyujoag.groipyn","volume":1}}},"copper_spear":{"events":{"attack":{"sound":"oreville_ans:bihjlpn_xrvyuyz.jyujoag.groipyn","volume":1}}},"iron_spear":{"events":{"attack":{"sound":"oreville_ans:ujyzyao_xrvyuyz.jyujoag.groipyn","volume":1}}},"golden_spear":{"events":{"attack":{"sound":"oreville_ans:yiuklzd_xrvyuyz.jyujoag.groipyn","volume":1}}},"diamond_spear":{"events":{"attack":{"sound":"oreville_ans:jnrjaoc_xrvyuyz.jyujoag.groipyn","volume":1}}},"netherite_spear":{"events":{"attack":{"sound":"oreville_ans:fcwrmpe_xrvyuyz.jyujoag.groipyn","volume":1}}}}},"events":{"step":""}},"wither_skeleton":{"variants":{"key":"(q.is_item_name_any('slot.weapon.mainhand', 'minecraft:wooden_sword')    ? 'wooden_sword' :q.is_item_name_any('slot.weapon.mainhand', 'minecraft:stone_sword')     ? 'stone_sword' :q.is_item_name_any('slot.weapon.mainhand', 'minecraft:iron_sword')      ? 'iron_sword' :q.is_item_name_any('slot.weapon.mainhand', 'minecraft:golden_sword')    ? 'golden_sword' :q.is_item_name_any('slot.weapon.mainhand', 'minecraft:diamond_sword')   ? 'diamond_sword' :q.is_item_name_any('slot.weapon.mainhand', 'minecraft:netherite_sword') ? 'netherite_sword' :q.is_item_name_any('slot.weapon.mainhand', 'minecraft:copper_sword')    ? 'copper_sword' :q.is_item_name_any('slot.weapon.mainhand', 'minecraft:trident')         ? 'trident' :q.is_item_name_any('slot.weapon.mainhand', 'minecraft:mace')            ? 'mace' :q.is_item_name_any('slot.weapon.mainhand', 'minecraft:wooden_spear')    ? 'wooden_spear' :q.is_item_name_any('slot.weapon.mainhand', 'minecraft:stone_spear')     ? 'stone_spear' :q.is_item_name_any('slot.weapon.mainhand', 'minecraft:copper_spear')    ? 'copper_spear' :q.is_item_name_any('slot.weapon.mainhand', 'minecraft:iron_spear')      ? 'iron_spear' :q.is_item_name_any('slot.weapon.mainhand', 'minecraft:golden_spear')    ? 'golden_spear' :q.is_item_name_any('slot.weapon.mainhand', 'minecraft:diamond_spear')   ? 'diamond_spear' :q.is_item_name_any('slot.weapon.mainhand', 'minecraft:netherite_spear') ? 'netherite_spear' :'no_weapon')","map":{"wooden_sword":{"events":{"attack":{"sound":"oreville_ans:fqdacrx_xrvyuys.kwkutbh_3vowotwv","volume":1,"pitch":[0.9,1.1]}}},"stone_sword":{"events":{"attack":{"sound":"oreville_ans:mfsafnp_xrvyuys.kwkutbh_3vowotwv","volume":1,"pitch":[0.9,1.1]}}},"iron_sword":{"events":{"attack":{"sound":"oreville_ans:ujyzyao_xrvyuys.kwkutbh_3vowotwv","volume":1,"pitch":[0.9,1.1]}}},"golden_sword":{"events":{"attack":{"sound":"oreville_ans:yiuklzd_xrvyuys.kwkutbh_3vowotwv","volume":1,"pitch":[0.9,1.1]}}},"diamond_sword":{"events":{"attack":{"sound":"oreville_ans:jnrjaoc_xrvyuys.kwkutbh_3vowotwv","volume":1,"pitch":[0.9,1.1]}}},"netherite_sword":{"events":{"attack":{"sound":"oreville_ans:fcwrmpe_xrvyuys.kwkutbh_3vowotwv","volume":1,"pitch":[0.9,1.1]}}},"copper_sword":{"events":{"attack":{"sound":"oreville_ans:bihjlpn_xrvyuys.kwkutbh_3vowotwv","volume":1,"pitch":[0.9,1.1]}}},"trident":{"events":{"attack":{"sound":"oreville_ans:dhsqylt.kwkutbh_3vowotwv","volume":1,"pitch":[0.9,1.1]}}},"mace":{"events":{"attack":{"sound":"oreville_ans:hrbqumz.kwkutbh_3vowotwv","volume":1,"pitch":[0.9,1.1]}}},"wooden_spear":{"events":{"attack":{"sound":"oreville_ans:fqdacrx_xrvyuyz.jyujoag.groipyn","volume":1}}},"stone_spear":{"events":{"attack":{"sound":"oreville_ans:mfsafnp_xrvyuyz.jyujoag.groipyn","volume":1}}},"copper_spear":{"events":{"attack":{"sound":"oreville_ans:bihjlpn_xrvyuyz.jyujoag.groipyn","volume":1}}},"iron_spear":{"events":{"attack":{"sound":"oreville_ans:ujyzyao_xrvyuyz.jyujoag.groipyn","volume":1}}},"golden_spear":{"events":{"attack":{"sound":"oreville_ans:yiuklzd_xrvyuyz.jyujoag.groipyn","volume":1}}},"diamond_spear":{"events":{"attack":{"sound":"oreville_ans:jnrjaoc_xrvyuyz.jyujoag.groipyn","volume":1}}},"netherite_spear":{"events":{"attack":{"sound":"oreville_ans:fcwrmpe_xrvyuyz.jyujoag.groipyn","volume":1}}}}},"events":{"step":""}},"zombie":{"variants":{"key":"(q.is_item_name_any('slot.weapon.mainhand', 'minecraft:wooden_sword')    ? 'wooden_sword' :q.is_item_name_any('slot.weapon.mainhand', 'minecraft:stone_sword')     ? 'stone_sword' :q.is_item_name_any('slot.weapon.mainhand', 'minecraft:iron_sword')      ? 'iron_sword' :q.is_item_name_any('slot.weapon.mainhand', 'minecraft:golden_sword')    ? 'golden_sword' :q.is_item_name_any('slot.weapon.mainhand', 'minecraft:diamond_sword')   ? 'diamond_sword' :q.is_item_name_any('slot.weapon.mainhand', 'minecraft:netherite_sword') ? 'netherite_sword' :q.is_item_name_any('slot.weapon.mainhand', 'minecraft:copper_sword')    ? 'copper_sword' :q.is_item_name_any('slot.weapon.mainhand', 'minecraft:trident')         ? 'trident' :q.is_item_name_any('slot.weapon.mainhand', 'minecraft:mace')            ? 'mace' :q.is_item_name_any('slot.weapon.mainhand', 'minecraft:wooden_spear')    ? 'wooden_spear' :q.is_item_name_any('slot.weapon.mainhand', 'minecraft:stone_spear')     ? 'stone_spear' :q.is_item_name_any('slot.weapon.mainhand', 'minecraft:copper_spear')    ? 'copper_spear' :q.is_item_name_any('slot.weapon.mainhand', 'minecraft:iron_spear')      ? 'iron_spear' :q.is_item_name_any('slot.weapon.mainhand', 'minecraft:golden_spear')    ? 'golden_spear' :q.is_item_name_any('slot.weapon.mainhand', 'minecraft:diamond_spear')   ? 'diamond_spear' :q.is_item_name_any('slot.weapon.mainhand', 'minecraft:netherite_spear') ? 'netherite_spear' :'no_weapon')","map":{"wooden_sword":{"events":{"attack":{"sound":"oreville_ans:fqdacrx_xrvyuys.kwkutbh_3vowotwv","volume":1,"pitch":[0.9,1.1]}}},"stone_sword":{"events":{"attack":{"sound":"oreville_ans:mfsafnp_xrvyuys.kwkutbh_3vowotwv","volume":1,"pitch":[0.9,1.1]}}},"iron_sword":{"events":{"attack":{"sound":"oreville_ans:ujyzyao_xrvyuys.kwkutbh_3vowotwv","volume":1,"pitch":[0.9,1.1]}}},"golden_sword":{"events":{"attack":{"sound":"oreville_ans:yiuklzd_xrvyuys.kwkutbh_3vowotwv","volume":1,"pitch":[0.9,1.1]}}},"diamond_sword":{"events":{"attack":{"sound":"oreville_ans:jnrjaoc_xrvyuys.kwkutbh_3vowotwv","volume":1,"pitch":[0.9,1.1]}}},"netherite_sword":{"events":{"attack":{"sound":"oreville_ans:fcwrmpe_xrvyuys.kwkutbh_3vowotwv","volume":1,"pitch":[0.9,1.1]}}},"copper_sword":{"events":{"attack":{"sound":"oreville_ans:bihjlpn_xrvyuys.kwkutbh_3vowotwv","volume":1,"pitch":[0.9,1.1]}}},"trident":{"events":{"attack":{"sound":"oreville_ans:dhsqylt.kwkutbh_3vowotwv","volume":1,"pitch":[0.9,1.1]}}},"mace":{"events":{"attack":{"sound":"oreville_ans:hrbqumz.kwkutbh_3vowotwv","volume":1,"pitch":[0.9,1.1]}}},"wooden_spear":{"events":{"attack":{"sound":"oreville_ans:fqdacrx_xrvyuyz.jyujoag.groipyn","volume":1}}},"stone_spear":{"events":{"attack":{"sound":"oreville_ans:mfsafnp_xrvyuyz.jyujoag.groipyn","volume":1}}},"copper_spear":{"events":{"attack":{"sound":"oreville_ans:bihjlpn_xrvyuyz.jyujoag.groipyn","volume":1}}},"iron_spear":{"events":{"attack":{"sound":"oreville_ans:ujyzyao_xrvyuyz.jyujoag.groipyn","volume":1}}},"golden_spear":{"events":{"attack":{"sound":"oreville_ans:yiuklzd_xrvyuyz.jyujoag.groipyn","volume":1}}},"diamond_spear":{"events":{"attack":{"sound":"oreville_ans:jnrjaoc_xrvyuyz.jyujoag.groipyn","volume":1}}},"netherite_spear":{"events":{"attack":{"sound":"oreville_ans:fcwrmpe_xrvyuyz.jyujoag.groipyn","volume":1}}}}},"events":{"step":""}},"zombie_pigman":{"variants":{"key":"(q.is_item_name_any('slot.weapon.mainhand', 'minecraft:wooden_sword')    ? 'wooden_sword' :q.is_item_name_any('slot.weapon.mainhand', 'minecraft:stone_sword')     ? 'stone_sword' :q.is_item_name_any('slot.weapon.mainhand', 'minecraft:iron_sword')      ? 'iron_sword' :q.is_item_name_any('slot.weapon.mainhand', 'minecraft:golden_sword')    ? 'golden_sword' :q.is_item_name_any('slot.weapon.mainhand', 'minecraft:diamond_sword')   ? 'diamond_sword' :q.is_item_name_any('slot.weapon.mainhand', 'minecraft:netherite_sword') ? 'netherite_sword' :q.is_item_name_any('slot.weapon.mainhand', 'minecraft:copper_sword')    ? 'copper_sword' :q.is_item_name_any('slot.weapon.mainhand', 'minecraft:trident')         ? 'trident' :q.is_item_name_any('slot.weapon.mainhand', 'minecraft:mace')            ? 'mace' :q.is_item_name_any('slot.weapon.mainhand', 'minecraft:wooden_spear')    ? 'wooden_spear' :q.is_item_name_any('slot.weapon.mainhand', 'minecraft:stone_spear')     ? 'stone_spear' :q.is_item_name_any('slot.weapon.mainhand', 'minecraft:copper_spear')    ? 'copper_spear' :q.is_item_name_any('slot.weapon.mainhand', 'minecraft:iron_spear')      ? 'iron_spear' :q.is_item_name_any('slot.weapon.mainhand', 'minecraft:golden_spear')    ? 'golden_spear' :q.is_item_name_any('slot.weapon.mainhand', 'minecraft:diamond_spear')   ? 'diamond_spear' :q.is_item_name_any('slot.weapon.mainhand', 'minecraft:netherite_spear') ? 'netherite_spear' :'no_weapon')","map":{"wooden_sword":{"events":{"attack":{"sound":"oreville_ans:fqdacrx_xrvyuys.kwkutbh_3vowotwv","volume":1,"pitch":[0.9,1.1]}}},"stone_sword":{"events":{"attack":{"sound":"oreville_ans:mfsafnp_xrvyuys.kwkutbh_3vowotwv","volume":1,"pitch":[0.9,1.1]}}},"iron_sword":{"events":{"attack":{"sound":"oreville_ans:ujyzyao_xrvyuys.kwkutbh_3vowotwv","volume":1,"pitch":[0.9,1.1]}}},"golden_sword":{"events":{"attack":{"sound":"oreville_ans:yiuklzd_xrvyuys.kwkutbh_3vowotwv","volume":1,"pitch":[0.9,1.1]}}},"diamond_sword":{"events":{"attack":{"sound":"oreville_ans:jnrjaoc_xrvyuys.kwkutbh_3vowotwv","volume":1,"pitch":[0.9,1.1]}}},"netherite_sword":{"events":{"attack":{"sound":"oreville_ans:fcwrmpe_xrvyuys.kwkutbh_3vowotwv","volume":1,"pitch":[0.9,1.1]}}},"copper_sword":{"events":{"attack":{"sound":"oreville_ans:bihjlpn_xrvyuys.kwkutbh_3vowotwv","volume":1,"pitch":[0.9,1.1]}}},"trident":{"events":{"attack":{"sound":"oreville_ans:dhsqylt.kwkutbh_3vowotwv","volume":1,"pitch":[0.9,1.1]}}},"mace":{"events":{"attack":{"sound":"oreville_ans:hrbqumz.kwkutbh_3vowotwv","volume":1,"pitch":[0.9,1.1]}}},"wooden_spear":{"events":{"attack":{"sound":"oreville_ans:fqdacrx_xrvyuyz.jyujoag.groipyn","volume":1}}},"stone_spear":{"events":{"attack":{"sound":"oreville_ans:mfsafnp_xrvyuyz.jyujoag.groipyn","volume":1}}},"copper_spear":{"events":{"attack":{"sound":"oreville_ans:bihjlpn_xrvyuyz.jyujoag.groipyn","volume":1}}},"iron_spear":{"events":{"attack":{"sound":"oreville_ans:ujyzyao_xrvyuyz.jyujoag.groipyn","volume":1}}},"golden_spear":{"events":{"attack":{"sound":"oreville_ans:yiuklzd_xrvyuyz.jyujoag.groipyn","volume":1}}},"diamond_spear":{"events":{"attack":{"sound":"oreville_ans:jnrjaoc_xrvyuyz.jyujoag.groipyn","volume":1}}},"netherite_spear":{"events":{"attack":{"sound":"oreville_ans:fcwrmpe_xrvyuyz.jyujoag.groipyn","volume":1}}}}},"events":{"step":""}},"chicken":{"variants":{"events":{"step":""},"key":"(q.is_name_any('chicken jockey', 'Chicken jockey', 'chicken Jockey', 'Chicken Jockey', 'CHICKEN JOCKEY')) ? 'jockey' : 'default'","map":{"jockey":{"volume":1,"pitch":1.4,"events":{"ambient":"mob.zombie.say","death":"mob.zombie.death","hurt":"mob.zombie.hurt"}}}}},"copper_golem":{"events":{"step":""},"variants":{"key":"query.property('minecraft:oxidation_level')","map":{"oxidized":{"events":{"step":""}},"weathered":{"events":{"step":""}}}}},"happy_ghast":{"events":{"ambient":"mob.happy_ghast.ambient","armor.equip_generic":"mob.happy_ghast.harness_equip","armor.unequip_generic":"mob.happy_ghast.harness_unequip","attach":"mob.happy_ghast.goggles_down","death":"mob.happy_ghast.death","detach":"mob.happy_ghast.goggles_up","hurt":"mob.happy_ghast.hurt"},"pitch":1,"volume":1,"variants":{"key":"( q.is_name_any('creeper balloon', 'Creeper balloon', 'Creeper Balloon') ? 1 :q.is_name_any('enderman balloon', 'Enderman balloon', 'Enderman Balloon') ? 2 :q.is_name_any('pig balloon', 'Pig balloon', 'Pig Balloon') ? 3 :q.is_name_any('pumpkin balloon', 'Pumpkin balloon', 'Pumpkin Balloon') ?4) ? 'hot_air_balloon' : q.is_baby ? 'ghastling' : 'adult'","map":{"adult":{"events":{"ambient":"mob.happy_ghast.ambient","death":"mob.happy_ghast.death","hurt":"mob.happy_ghast.hurt"},"pitch":1,"volume":4},"ghastling":{"events":{"ambient":"mob.ghastling.ambient","death":"mob.ghastling.death","hurt":"mob.ghastling.hurt","spawn":"mob.ghastling.spawn"},"pitch":0.5,"volume":1},"hot_air_balloon":{"events":{"ambient":"","death":"","hurt":"oreville_ans:zmrungh.ictfwzv","attach":"","detach":""},"volume":1,"pitch":1}}}},"horse":{"events":{"step":""}},"ocelot":{"events":{"step":{"sound":" "}}},"parrot":{"variants":{"key":"q.is_name_any('crow', 'Crow') ? 'crow' : 'default'","map":{"crow":{"events":{"ambient":"oreville_ans:gupqghn.bemwybo.ggxyiem"},"pitch":[0.9,1.1],"volume":1}}}},"player":{"variants":{"key":"{t.has_weapon =q.is_item_name_any('slot.weapon.mainhand','minecraft:wooden_sword','minecraft:stone_sword','minecraft:copper_sword','minecraft:iron_sword','minecraft:golden_sword','minecraft:diamond_sword','minecraft:netherite_sword','minecraft:mace','minecraft:stick','minecraft:blaze_rod','minecraft:breeze_rod','minecraft:bone','minecraft:trident');\nt.netherite_armor_coverage =(q.is_item_name_any('slot.armor.head',  'minecraft:netherite_helmet')     ? 1 : 0) +(q.is_item_name_any('slot.armor.chest', 'minecraft:netherite_chestplate') ? 3 : 0) +(q.is_item_name_any('slot.armor.legs',  'minecraft:netherite_leggings')   ? 2 : 0) +(q.is_item_name_any('slot.armor.feet',  'minecraft:netherite_boots')      ? 1 : 0);\nt.diamond_armor_coverage =(q.is_item_name_any('slot.armor.head',  'minecraft:diamond_helmet')     ? 1 : 0) +(q.is_item_name_any('slot.armor.chest', 'minecraft:diamond_chestplate') ? 3 : 0) +(q.is_item_name_any('slot.armor.legs',  'minecraft:diamond_leggings')   ? 2 : 0) +(q.is_item_name_any('slot.armor.feet',  'minecraft:diamond_boots')      ? 1 : 0);\nt.iron_armor_coverage =(q.is_item_name_any('slot.armor.head',  'minecraft:iron_helmet')     ? 1 : 0) +(q.is_item_name_any('slot.armor.chest', 'minecraft:iron_chestplate') ? 3 : 0) +(q.is_item_name_any('slot.armor.legs',  'minecraft:iron_leggings')   ? 2 : 0) +(q.is_item_name_any('slot.armor.feet',  'minecraft:iron_boots')      ? 1 : 0);\nt.chainmail_armor_coverage =(q.is_item_name_any('slot.armor.head',  'minecraft:chainmail_helmet')     ? 1 : 0) +(q.is_item_name_any('slot.armor.chest', 'minecraft:chainmail_chestplate') ? 3 : 0) +(q.is_item_name_any('slot.armor.legs',  'minecraft:chainmail_leggings')   ? 2 : 0) +(q.is_item_name_any('slot.armor.feet',  'minecraft:chainmail_boots')      ? 1 : 0);\nt.gold_armor_coverage =(q.is_item_name_any('slot.armor.head',  'minecraft:golden_helmet')     ? 1 : 0) +(q.is_item_name_any('slot.armor.chest', 'minecraft:golden_chestplate') ? 3 : 0) +(q.is_item_name_any('slot.armor.legs',  'minecraft:golden_leggings')   ? 2 : 0) +(q.is_item_name_any('slot.armor.feet',  'minecraft:golden_boots')      ? 1 : 0);\nt.copper_armor_coverage =(q.is_item_name_any('slot.armor.head',  'minecraft:copper_helmet')     ? 1 : 0) +(q.is_item_name_any('slot.armor.chest', 'minecraft:copper_chestplate') ? 3 : 0) +(q.is_item_name_any('slot.armor.legs',  'minecraft:copper_leggings')   ? 2 : 0) +(q.is_item_name_any('slot.armor.feet',  'minecraft:copper_boots')      ? 1 : 0);\nt.leather_armor_coverage =(q.is_item_name_any('slot.armor.head',  'minecraft:leather_helmet')     ? 1 : 0) +(q.is_item_name_any('slot.armor.chest', 'minecraft:leather_chestplate') ? 3 : 0) +(q.is_item_name_any('slot.armor.legs',  'minecraft:leather_leggings')   ? 2 : 0) +(q.is_item_name_any('slot.armor.feet',  'minecraft:leather_boots')      ? 1 : 0);\nt.max_armor_coverage =math.max(t.netherite_armor_coverage,math.max(t.diamond_armor_coverage,math.max(t.iron_armor_coverage,math.max(t.chainmail_armor_coverage,math.max(t.gold_armor_coverage,math.max(t.copper_armor_coverage, t.leather_armor_coverage))))));\nreturn ((t.max_armor_coverage == 0)? (t.has_weapon ? 'has_weapon' : 'no_armor_no_weapon'): (t.netherite_armor_coverage == t.max_armor_coverage)? (t.has_weapon ? 'netherite_armor_has_weapon' : 'netherite_armor_no_weapon'): (t.diamond_armor_coverage == t.max_armor_coverage)? (t.has_weapon ? 'diamond_armor_has_weapon' : 'diamond_armor_no_weapon'): (t.iron_armor_coverage == t.max_armor_coverage)? (t.has_weapon ? 'iron_armor_has_weapon' : 'iron_armor_no_weapon'): (t.gold_armor_coverage == t.max_armor_coverage)? (t.has_weapon ? 'gold_armor_has_weapon' : 'gold_armor_no_weapon'): (t.chainmail_armor_coverage == t.max_armor_coverage)? (t.has_weapon ? 'chainmail_armor_has_weapon' : 'chainmail_armor_no_weapon'): (t.copper_armor_coverage == t.max_armor_coverage)? (t.has_weapon ? 'copper_armor_has_weapon' : 'copper_armor_no_weapon'): (t.has_weapon ? 'leather_armor_has_weapon' : 'leather_armor_no_weapon'));};","map":{"has_weapon":{"events":{"attack.nodamage":"","attack.strong":""}},"netherite_armor_has_weapon":{"events":{"attack.nodamage":"","attack.strong":"","hurt":"oreville_ans:uroaqtd_fcwrmpe.qeipfsq"},"volume":1,"pitch":[0.9,1.1]},"netherite_armor_no_weapon":{"events":{"hurt":"oreville_ans:uroaqtd_fcwrmpe.qeipfsq"},"volume":1,"pitch":[0.9,1.1]},"diamond_armor_has_weapon":{"events":{"attack.nodamage":"","attack.strong":"","hurt":"oreville_ans:uroaqtd_jnrjaoc.qeipfsq"},"volume":1,"pitch":[0.9,1.1]},"diamond_armor_no_weapon":{"events":{"hurt":"oreville_ans:uroaqtd_jnrjaoc.qeipfsq"},"volume":1,"pitch":[0.9,1.1]},"iron_armor_has_weapon":{"events":{"attack.nodamage":"","attack.strong":"","hurt":"oreville_ans:uroaqtd_ujyzyao.qeipfsq"},"volume":1,"pitch":[0.9,1.1]},"iron_armor_no_weapon":{"events":{"hurt":"oreville_ans:uroaqtd_ujyzyao.qeipfsq"},"volume":1,"pitch":[0.9,1.1]},"gold_armor_has_weapon":{"events":{"attack.nodamage":"","attack.strong":"","hurt":"oreville_ans:uroaqtd_dryvyvk.qeipfsq"},"volume":1,"pitch":[0.9,1.1]},"gold_armor_no_weapon":{"events":{"hurt":"oreville_ans:uroaqtd_dryvyvk.qeipfsq"},"volume":1,"pitch":[0.9,1.1]},"chainmail_armor_has_weapon":{"events":{"attack.nodamage":"","attack.strong":"","hurt":"oreville_ans:uroaqtd_pncihic.qeipfsq"},"volume":1,"pitch":[0.9,1.1]},"chainmail_armor_no_weapon":{"events":{"hurt":"oreville_ans:uroaqtd_pncihic.qeipfsq"},"volume":1,"pitch":[0.9,1.1]},"copper_armor_has_weapon":{"events":{"attack.nodamage":"","attack.strong":"","hurt":"oreville_ans:uroaqtd_bihjlpn.qeipfsq"},"volume":1,"pitch":[0.9,1.1]},"copper_armor_no_weapon":{"events":{"hurt":"oreville_ans:uroaqtd_bihjlpn.qeipfsq"},"volume":1,"pitch":[0.9,1.1]},"leather_armor_has_weapon":{"events":{"attack.nodamage":"","attack.strong":"","hurt":"oreville_ans:uroaqtd_qkqgwjx.qeipfsq"},"volume":1,"pitch":[0.9,1.1]},"leather_armor_no_weapon":{"events":{"hurt":"oreville_ans:uroaqtd_qkqgwjx.qeipfsq"},"volume":1,"pitch":[0.9,1.1]}}}},"armadillo":{"events":{"step":{"sound":" "}}},"bogged":{"events":{"step":{"sound":" "}}},"cat":{"events":{"step":{"sound":" "}}},"camel":{"events":{"step":{"sound":" "},"step_sand":{"sound":" "}}},"cave_spider":{"events":{"step":{"sound":" "}}},"cow":{"events":{"step":{"sound":" "}}},"donkey":{"events":{"step":{"sound":" "}}},"enderman":{"events":{"step":{"sound":" "}}},"frog":{"events":{"step":{"sound":" "}}},"fox":{"events":{"step":{"sound":" "}}},"goat":{"events":{"step":{"sound":" "}}},"hoglin":{"events":{"step":{"sound":" "}}},"iron_golem":{"events":{"step":{"sound":" "}}},"llama":{"events":{"step":{"sound":" "}}},"mooshroom":{"events":{"step":{"sound":" "}}},"panda":{"events":{"step":{"sound":" "}}},"pig":{"events":{"step":{"sound":" "}}},"polar_bear":{"events":{"step":{"sound":" "}}},"rabbit":{"events":{"step":{"sound":" "}}},"ravager":{"events":{"step":{"sound":" "}}},"sheep":{"events":{"step":{"sound":" "}}},"sniffer":{"events":{"step":{"sound":" "}}},"spider":{"events":{"step":{"sound":" "}}},"strider":{"events":{"step":{"sound":" "},"step_lava":{"sound":" "}}},"trader_llama":{"events":{"step":{"sound":" "}}},"warden":{"events":{"step":{"sound":" "}}},"wolf":{"events":{"step":{"sound":" "}},"variants":{"key":"query.property('minecraft:sound_variant')"}},"zoglin":{"events":{"step":{"sound":" "}}},"zombie_villager":{"events":{"step":{"sound":" "}}},"zombie_villager_v2":{"events":{"step":{"sound":" "}}},"ender_dragon":{"events":{"flap":" "}},"witch":{"events":{"step":" "}},"villager_v2":{"events":{"step":" "}},"wandering_trader":{"events":{"step":" "}},"creaking":{"events":{"step":{"sound":""}}},"creeper":{"events":{"step":{"sound":" "}},"variants":{"key":"q.is_name_any('snowy', 'Snowy', 'frozen', 'Frozen') || q.entity_biome_has_any_identifier('minecraft:cold_beach','minecraft:cold_taiga','minecraft:cold_taiga_hills','minecraft:cold_taiga_mutated','minecraft:cold_taiga_mutated','minecraft:deep_frozen_ocean','minecraft:frozen_ocean','minecraft:frozen_peaks','minecraft:frozen_river','minecraft:grove','minecraft:ice_mountains','minecraft:ice_plains','minecraft:ice_plains_spikes','minecraft:jagged_peaks','minecraft:legacy_frozen_ocean','minecraft:snowy_slopes') ? 'snow' : 'default'","map":{"snow":{"events":{"fuse":{"pitch":1,"sound":"oreville_ans:lbxbqmt.ercwnlh.crcgsao","volume":1}}}}}},"slime":{"variants":{"key":"q.is_name_any('snowy', 'Snowy', 'frosty', 'Frosty') || q.entity_biome_has_any_identifier('minecraft:cold_beach','minecraft:cold_taiga','minecraft:cold_taiga_hills','minecraft:cold_taiga_mutated','minecraft:cold_taiga_mutated','minecraft:deep_frozen_ocean','minecraft:frozen_ocean','minecraft:frozen_peaks','minecraft:frozen_river','minecraft:grove','minecraft:ice_mountains','minecraft:ice_plains','minecraft:ice_plains_spikes','minecraft:jagged_peaks','minecraft:legacy_frozen_ocean','minecraft:snowy_slopes') ? 'snow' : 'default'","map":{"snow":{"events":{"death":{"sound":"oreville_ans:pnghlcv.ercwnlh.cfooaen","volume":1,"pitch":1},"hurt":{"sound":"oreville_ans:pnghlcv.ercwnlh.cfooaen","volume":1,"pitch":1},"squish.big":{"pitch":[0.64,0.96],"sound":"oreville_ans:pnghlcv.ercwnlh.akgslcr","volume":1},"squish.small":{"pitch":[0.64,0.96],"sound":"oreville_ans:pnghlcv.ercwnlh.cfooaen","volume":1}}}}}},"camel_husk":{"events":{"step":{"sound":""}}}}},"interactive_sounds":{"entity_sounds":{"entities":{"donkey":{"events":{"gallop":{"default":" "},"heavy.step":{"default":" "},"step":{"default":" ","wood":" "}}},"mule":{"events":{"gallop":{"default":" "},"heavy.step":{"default":" "},"step":{"default":" ","wood":" "}}},"skeleton_horse":{"events":{"gallop":{"default":" "},"heavy.step":{"default":" "},"step":{"default":" ","wood":" "}}},"zombie_horse":{"events":{"gallop":{"default":" "},"heavy.step":{"default":" "},"step":{"default":" ","wood":" "}}}}},"block_sounds":{"ladder":{"events":{"step":""}}}},"individual_event_sounds":{"events":{"ignite":{"pitch":[0.8,1.2],"sound":"oreville_ans:zmrungh.ictfwzv","volume":1},"item.spear.attack_miss":{"pitch":1,"sound":"","volume":1}}}}