{"format_version":"1.21.40","deadbush":{"carried_textures":"deadbush_carried","textures":"deadbush"},"hanging_roots":{"carried_textures":"hanging_roots_carried","textures":"hanging_roots"},"torch":{"carried_textures":"torch_carried","textures":"torch_on"},"lever":{"carried_textures":"lever_carried","textures":{"down":"lever","east":"lever_particle","north":"lever","south":"lever","up":"lever","west":"lever"}},"crimson_fungus":{"blockshape":"azalea","carried_textures":"crimson_fungus_carried","textures":{"up":"fungus_crimson_3d_top","east":"fungus_crimson_3d","north":"fungus_crimson_3d_side","down":"fungus_crimson_3d_top","west":"fungus_crimson_3d_pot","south":"fungus_crimson_3d_side_pot"}},"end_rod":{"carried_textures":"end_rod_carried","textures":"end_rod"},"glow_lichen":{"carried_textures":"glow_lichen_carried","textures":"glow_lichen"},"ladder":{"carried_textures":"ladder_carried","textures":"ladder"},"lightning_rod":{"carried_textures":"lightning_rod_carried","isotropic":false,"textures":"lightning_rod"},"brown_mushroom":{"blockshape":"azalea","carried_textures":"mushroom_brown_carried","textures":{"up":"mushroom_brown_3d_top","east":"mushroom_brown_3d","north":"mushroom_brown_3d_side","down":"mushroom_brown_3d_top","west":"mushroom_brown_3d_pot","south":"mushroom_brown_3d_side_pot"}},"red_mushroom":{"blockshape":"azalea","carried_textures":"mushroom_red_carried","textures":{"up":"mushroom_red_3d_top","east":"mushroom_red_3d","north":"mushroom_red_3d_side","down":"mushroom_red_3d_top","west":"mushroom_red_3d_pot","south":"mushroom_red_3d_side_pot"}},"pitcher_crop":{"carried_textures":"pitcher_crop_carried","textures":{"down":"pitcher_crop_bottom","east":"pitcher_crop_upper_flower","north":"pitcher_crop_side","south":"pitcher_crop_lower_flower","up":"pitcher_crop_top","west":"pitcher_crop_upper_flower"}},"redstone_torch":{"carried_textures":"redstone_torch_carried","textures":"redstone_torch_on"},"soul_torch":{"carried_textures":"soul_torch_carried","textures":"soul_torch"},"spore_blossom":{"carried_textures":"spore_blossom_carried","textures":{"down":"spore_blossom","side":"spore_blossom_base","up":"spore_blossom_base"}},"tripWire":{"carried_textures":"trip_wire_carried","textures":"trip_wire"},"tripwire_hook":{"carried_textures":"trip_wire_carried","textures":{"down":"trip_wire_base","east":"trip_wire","north":"trip_wire_source","south":"trip_wire","up":"trip_wire_source","west":"trip_wire"}},"twisting_vines":{"carried_textures":"twisting_vines_carried","textures":{"down":"twisting_vines_bottom","east":"twisting_vines_base","north":"twisting_vines_base","south":"twisting_vines_base","up":"twisting_vines_base","west":"twisting_vines_base"}},"warped_fungus":{"blockshape":"azalea","carried_textures":"warped_fungus_carried","textures":{"up":"fungus_warped_3d_top","east":"fungus_warped_3d","north":"fungus_warped_3d_side","down":"fungus_warped_3d_top","west":"fungus_warped_3d_pot","south":"fungus_warped_3d_side_pot"}},"weeping_vines":{"carried_textures":"weeping_vines_carried","textures":{"down":"weeping_vines_bottom","east":"weeping_vines_base","north":"weeping_vines_base","south":"weeping_vines_base","up":"weeping_vines_base","west":"weeping_vines_base"}},"iron_bars":{"carried_textures":"iron_bars_carried","textures":{"down":"iron_bars","east":"iron_bars_edge","north":"iron_bars","south":"iron_bars","up":"iron_bars","west":"iron_bars"}},"sand":{"isotropic":false,"textures":"flattened_sand"},"red_sand":{"isotropic":false,"textures":"red_sand"},"magma":{"isotropic":false,"textures":"magma"},"dandelion":{"carried_textures":"dandelion_carried","textures":"dandelion"},"poppy":{"carried_textures":"poppy_carried","textures":"poppy"},"pink_tulip":{"carried_textures":"tulip_pink_carried","textures":"pink_tulip"},"red_tulip":{"carried_textures":"tulip_red_carried","textures":"red_tulip"},"orange_tulip":{"carried_textures":"tulip_orange_carried","textures":"orange_tulip"},"white_tulip":{"carried_textures":"tulip_white_carried","textures":"white_tulip"},"allium":{"carried_textures":"allium_carried","textures":"allium"},"torchflower":{"carried_textures":"torchflower_carried","textures":"torchflower"},"blue_orchid":{"carried_textures":"blue_orchid_carried","textures":"blue_orchid"},"azure_bluet":{"carried_textures":"azure_bluet_carried","textures":"azure_bluet"},"lily_of_the_valley":{"carried_textures":"lily_of_the_valley_carried","textures":"lily_of_the_valley"},"oxeye_daisy":{"carried_textures":"oxeye_daisy_carried","textures":"oxeye_daisy"},"wither_rose":{"carried_textures":"wither_rose_carried","textures":"wither_rose"},"cornflower":{"carried_textures":"cornflower_carried","textures":"cornflower"},"closed_eyeblossom":{"carried_textures":"eyeblossom_dormant_carried","textures":"closed_eyeblossom"},"fire_coral":{"carried_textures":"coral_plant_red_carried","textures":"fire_coral"},"fire_coral_fan":{"carried_textures":"coral_fan_red_carried","textures":{"down":"fire_coral_fan","side":"fire_coral_fan","up":"fire_coral_fan"}},"dead_fire_coral":{"carried_textures":"coral_plant_red_dead_carried","textures":"dead_fire_coral"},"dead_fire_coral_fan":{"carried_textures":"coral_fan_red_dead_carried","textures":{"down":"dead_fire_coral_fan","side":"dead_fire_coral_fan","up":"dead_fire_coral_fan"}},"bubble_coral":{"carried_textures":"coral_plant_purple_carried","textures":"bubble_coral"},"bubble_coral_fan":{"carried_textures":"coral_fan_purple_carried","textures":{"down":"bubble_coral_fan","side":"bubble_coral_fan","up":"bubble_coral_fan"}},"dead_bubble_coral":{"carried_textures":"coral_plant_purple_dead_carried","textures":"dead_bubble_coral"},"dead_bubble_coral_fan":{"carried_textures":"coral_fan_purple_dead_carried","textures":{"down":"dead_bubble_coral_fan","side":"dead_bubble_coral_fan","up":"dead_bubble_coral_fan"}},"brain_coral":{"carried_textures":"coral_plant_pink_carried","textures":"brain_coral"},"brain_coral_fan":{"carried_textures":"coral_fan_pink_carried","textures":{"down":"brain_coral_fan","side":"brain_coral_fan","up":"brain_coral_fan"}},"dead_brain_coral":{"carried_textures":"coral_plant_pink_dead_carried","textures":"dead_brain_coral"},"dead_brain_coral_fan":{"carried_textures":"coral_fan_pink_dead_carried","textures":{"down":"dead_brain_coral_fan","side":"dead_brain_coral_fan","up":"dead_brain_coral_fan"}},"tube_coral":{"carried_textures":"coral_plant_blue_carried","textures":"tube_coral"},"tube_coral_fan":{"carried_textures":"coral_fan_blue_carried","textures":{"down":"tube_coral_fan","side":"tube_coral_fan","up":"tube_coral_fan"}},"dead_tube_coral":{"carried_textures":"coral_plant_blue_dead_carried","textures":"dead_tube_coral"},"dead_tube_coral_fan":{"carried_textures":"coral_fan_blue_dead_carried","textures":{"down":"dead_tube_coral_fan","side":"dead_tube_coral_fan","up":"dead_tube_coral_fan"}},"horn_coral":{"carried_textures":"coral_plant_yellow_carried","textures":"horn_coral"},"horn_coral_fan":{"carried_textures":"coral_fan_yellow_carried","textures":{"down":"horn_coral_fan","side":"horn_coral_fan","up":"horn_coral_fan"}},"dead_horn_coral":{"carried_textures":"coral_plant_yellow_dead_carried","textures":"dead_horn_coral"},"dead_horn_coral_fan":{"carried_textures":"coral_fan_yellow_dead_carried","textures":{"down":"dead_horn_coral_fan","side":"dead_horn_coral_fan","up":"dead_horn_coral_fan"}},"frog_spawn":{"carried_textures":"frogspawn_carried","textures":"frog_spawn"},"pointed_dripstone":{"blockshape":"block","textures":"dripstone_block_3d"},"sculk_vein":{"carried_textures":"sculk_vein_carried","textures":"sculk_vein"},"crimson_roots":{"carried_textures":"crimson_roots_carried","textures":{"down":"crimson_roots","east":"crimson_roots","north":"crimson_roots","south":"crimson_roots_pot","up":"crimson_roots","west":"crimson_roots"}},"warped_roots":{"carried_textures":"warped_roots_carried","textures":{"down":"warped_roots","east":"warped_roots","north":"warped_roots","south":"warped_roots_pot","up":"warped_roots","west":"warped_roots"}},"pale_hanging_moss":{"carried_textures":"pale_hanging_moss_carried","textures":"pale_hanging_moss"},"sticky_piston":{"carried_textures":{"down":"piston_bottom","side":"piston_side_sticky","up":"piston_top_sticky"}},"cactus_flower":{"carried_textures":"cactus_flower_carried","textures":"cactus_flower"},"short_dry_grass":{"carried_textures":"short_dry_grass_carried","textures":"short_dry_grass"},"tall_dry_grass":{"carried_textures":"tall_dry_grass_carried","textures":"tall_dry_grass"},"acacia_double_slab":{"textures":"acacia_double_slab"},"andesite_double_slab":{"textures":"andesite_double_slab"},"bamboo_double_slab":{"textures":"bamboo_double_slab"},"bamboo_mosaic_double_slab":{"textures":"bamboo_mosaic_double_slab"},"birch_double_slab":{"textures":"birch_double_slab"},"blackstone_double_slab":{"textures":"blackstone_double_slab"},"brick_double_slab":{"textures":"brick_double_slab"},"cherry_double_slab":{"textures":"cherry_double_slab"},"cobbled_deepslate_double_slab":{"isotropic":false,"textures":"cobbled_deepslate_double_slab"},"cobblestone_double_slab":{"textures":"cobblestone_double_slab"},"crimson_double_slab":{"textures":"crimson_double_slab"},"dark_oak_double_slab":{"textures":"dark_oak_double_slab"},"dark_prismarine_double_slab":{"textures":"dark_prismarine_double_slab"},"deepslate_brick_double_slab":{"isotropic":false,"textures":"deepslate_brick_double_slab"},"deepslate_tile_double_slab":{"isotropic":false,"textures":"deepslate_tile_double_slab"},"diorite_double_slab":{"textures":"diorite_double_slab"},"double_cut_copper_slab":{"isotropic":false,"textures":"double_cut_copper_slab"},"double_stone_slab":{"textures":{"down":"stone_slab_bottom","side":"stone_slab_side","up":"stone_slab_top"}},"end_stone_brick_double_slab":{"textures":"end_stone_brick_double_slab"},"exposed_double_cut_copper_slab":{"isotropic":false,"textures":"exposed_double_cut_copper_slab"},"granite_double_slab":{"textures":"granite_double_slab"},"jungle_double_slab":{"textures":"jungle_double_slab"},"mangrove_double_slab":{"textures":"mangrove_double_slab"},"mossy_cobblestone_double_slab":{"textures":"mossy_cobblestone_double_slab"},"mud_brick_double_slab":{"isotropic":false,"textures":"mud_brick_double_slab"},"nether_brick_double_slab":{"textures":"nether_brick_double_slab"},"oak_double_slab":{"textures":"oak_double_slab"},"oxidized_double_cut_copper_slab":{"isotropic":false,"textures":"oxidized_double_cut_copper_slab"},"pale_oak_double_slab":{"textures":"pale_oak_double_slab"},"polished_andesite_double_slab":{"textures":"polished_andesite_double_slab"},"polished_blackstone_brick_double_slab":{"textures":"polished_blackstone_brick_double_slab"},"polished_blackstone_double_slab":{"textures":"polished_blackstone_double_slab"},"polished_deepslate_double_slab":{"isotropic":false,"textures":"polished_deepslate_double_slab"},"polished_diorite_double_slab":{"textures":"polished_diorite_double_slab"},"polished_granite_double_slab":{"textures":"polished_granite_double_slab"},"polished_tuff_double_slab":{"textures":"polished_tuff_double_slab"},"prismarine_brick_double_slab":{"textures":"prismarine_brick_double_slab"},"prismarine_double_slab":{"textures":"prismarine_double_slab"},"purpur_double_slab":{"textures":"purpur_double_slab"},"quartz_double_slab":{"textures":"quartz_double_slab"},"red_nether_brick_double_slab":{"textures":"red_nether_brick_double_slab"},"red_sandstone_double_slab":{"textures":"red_sandstone_double_slab"},"resin_brick_double_slab":{"textures":"resin_brick_double_slab"},"sandstone_double_slab":{"textures":"sandstone_double_slab"},"smooth_red_sandstone_double_slab":{"textures":"smooth_red_sandstone_double_slab"},"smooth_sandstone_double_slab":{"textures":"smooth_sandstone_double_slab"},"spruce_double_slab":{"textures":"spruce_double_slab"},"stone_brick_double_slab":{"textures":"stone_brick_double_slab"},"tuff_brick_double_slab":{"textures":"tuff_brick_double_slab"},"tuff_double_slab":{"textures":"tuff_double_slab"},"warped_double_slab":{"textures":"warped_double_slab"},"waxed_double_cut_copper_slab":{"isotropic":false,"textures":"double_cut_copper_slab"},"waxed_exposed_double_cut_copper_slab":{"isotropic":false,"textures":"exposed_double_cut_copper_slab"},"waxed_oxidized_double_cut_copper_slab":{"isotropic":false,"textures":"oxidized_double_cut_copper_slab"},"waxed_weathered_double_cut_copper_slab":{"isotropic":false,"textures":"weathered_double_cut_copper_slab"},"weathered_double_cut_copper_slab":{"isotropic":false,"textures":"weathered_double_cut_copper_slab"},"double_stone_slab4":{"textures":"double_stone_slab4"},"copper_torch":{"carried_textures":"copper_torch_carried","textures":"copper_torch"},"copper_bars":{"carried_textures":"copper_bars_carried","textures":"copper_bars"},"exposed_copper_bars":{"carried_textures":"exposed_copper_bars_carried","textures":"exposed_copper_bars"},"weathered_copper_bars":{"carried_textures":"weathered_copper_bars_carried","textures":"weathered_copper_bars"},"oxidized_copper_bars":{"carried_textures":"oxidized_copper_bars_carried","textures":"oxidized_copper_bars"},"waxed_copper_bars":{"carried_textures":"copper_bars_carried","textures":"copper_bars"},"waxed_exposed_copper_bars":{"carried_textures":"exposed_copper_bars_carried","textures":"exposed_copper_bars"},"waxed_oxidized_copper_bars":{"carried_textures":"oxidized_copper_bars_carried","textures":"oxidized_copper_bars"},"waxed_weathered_copper_bars":{"carried_textures":"weathered_copper_bars_carried","textures":"weathered_copper_bars"},"hopper":{"textures":{"down":"hopper_inside","east":"hopper_outside_east","north":"hopper_outside_north","south":"hopper_outside_south","up":"hopper_top","west":"hopper_outside_west"}},"amethyst_cluster":{"carried_textures":"amethyst_cluster_carried","textures":"amethyst_cluster"},"large_amethyst_bud":{"carried_textures":"amethyst_bud_large_carried","textures":"large_amethyst_bud"},"medium_amethyst_bud":{"carried_textures":"amethyst_bud_medium_carried","textures":"medium_amethyst_bud"},"small_amethyst_bud":{"carried_textures":"amethyst_bud_small_carried","textures":"small_amethyst_bud"},"rail":{"carried_textures":"rail_carried","textures":{"down":"rail_normal","side":"rail_normal","up":"rail_normal_turned"}},"activator_rail":{"carried_textures":"activator_rail_carried","textures":{"down":"rail_activator","side":"rail_activator","up":"rail_activator_powered"}},"detector_rail":{"carried_textures":"detector_rail_carried","textures":{"down":"rail_detector","side":"rail_detector","up":"rail_detector_powered"}},"golden_rail":{"carried_textures":"powered_rail_carried","textures":{"down":"rail_golden","side":"rail_golden","up":"rail_golden_powered"}},"web":{"carried_textures":"web_carried","textures":"web"},"beehive":{"textures":{"down":"beehive_bottom","east":"beehive_side","north":"beehive_side","south":"beehive_front","up":"beehive_top","west":"beehive_side"}},"crafting_table":{"textures":{"down":"crafting_table_bottom","east":"crafting_table_side","north":"crafting_table_front","south":"crafting_table_front","up":"crafting_table_top","west":"crafting_table_side"}},"furnace":{"textures":{"down":"furnace_bottom","east":"furnace_side","north":"furnace_side","south":"furnace_front_off","up":"furnace_top","west":"furnace_side"}},"lit_furnace":{"textures":{"down":"furnace_bottom","east":"furnace_front_on","north":"furnace_side","south":"furnace_side","up":"furnace_top","west":"furnace_side"}},"blast_furnace":{"textures":{"down":"blast_furnace_bottom","east":"blast_furnace_side","north":"blast_furnace_side","south":"blast_furnace_front_off","up":"blast_furnace_top","west":"blast_furnace_side"}},"lit_blast_furnace":{"textures":{"down":"blast_furnace_bottom","east":"blast_furnace_front_on","north":"blast_furnace_side","south":"blast_furnace_side","up":"blast_furnace_top","west":"blast_furnace_side"}},"acacia_sapling":{"carried_textures":"sapling_acacia_carried","textures":"acacia_sapling"},"bamboo_sapling":{"carried_textures":"bamboo_sapling_carried","textures":"bamboo_sapling"},"birch_sapling":{"carried_textures":"sapling_birch_carried","textures":"birch_sapling"},"cherry_sapling":{"carried_textures":"cherry_sapling_carried","textures":"cherry_sapling"},"dark_oak_sapling":{"carried_textures":"sapling_roofed_oak_carried","textures":"dark_oak_sapling"},"jungle_sapling":{"carried_textures":"sapling_jungle_carried","textures":"jungle_sapling"},"oak_sapling":{"carried_textures":"sapling_oak_carried","textures":"oak_sapling"},"pale_oak_sapling":{"carried_textures":"pale_oak_sapling_carried","textures":"pale_oak_sapling"},"spruce_sapling":{"carried_textures":"sapling_spruce_carried","textures":"spruce_sapling"}}