{"format_version":"1.8.0","geometry.bed":{"texturewidth":64,"textureheight":64,"visible_bounds_width":3,"visible_bounds_height":3,"visible_bounds_offset":[0,1.5,0],"bones":[{"name":"bed","pivot":[0,24,0],"cubes":[{"origin":[0,0,0],"size":[16,32,6],"uv":[0,0]},{"origin":[0,17.5,0],"size":[16,6,5],"uv":[0,53],"inflate":0.5},{"origin":[2,25,-2],"size":[12,6,2],"uv":[36,43]},{"origin":[3,31,6],"size":[10,1,3],"uv":[38,2]},{"origin":[3,0,6],"size":[10,1,3],"uv":[38,38]},{"origin":[15,3,6],"size":[1,26,3],"uv":[52,6]},{"origin":[0,3,6],"size":[1,26,3],"uv":[44,6]}]},{"name":"leg1","pivot":[5,22,0],"cubes":[{"origin":[13,29,6],"size":[3,3,3],"uv":[12,38]}]},{"name":"leg0","pivot":[-5,22,0],"cubes":[{"origin":[0,29,6],"size":[3,3,3],"uv":[0,38]}]},{"name":"leg3","pivot":[2,12,0],"cubes":[{"origin":[13,0,6],"size":[3,3,3],"uv":[12,44]}]},{"name":"leg2","pivot":[-2,12,0],"cubes":[{"origin":[0,0,6],"size":[3,3,3],"uv":[0,44]}]}]}}